{
  "$schema": "https://json-schema.org/draft/2020-12/schema",
  "title": "MotionHash v0.1",
  "type": "object",
  "required": [
    "ts",
    "imu",
    "emg",
    "r_param",
    "v",
    "tau"
  ],
  "properties": {
    "ts": {
      "type": "string",
      "format": "date-time"
    },
    "imu": {
      "type": "array",
      "items": {
        "type": "array",
        "items": {
          "type": "number"
        }
      },
      "description": "[ax,ay,az,gx,gy,gz,mx,my,mz] rows"
    },
    "emg": {
      "type": "array",
      "items": {
        "type": "number"
      },
      "description": "8-ch EMG RMS window"
    },
    "r_param": {
      "type": "number"
    },
    "v": {
      "type": "number",
      "description": "avg water speed m/s"
    },
    "tau": {
      "type": "number",
      "minimum": 0,
      "maximum": 1
    },
    "hash": {
      "type": "string",
      "description": "keccak256 over canonicalized payload"
    }
  }
}