{
  "version": "0.1",
  "shell": {
    "outer": "hydroskin",
    "mid": "phase-change",
    "inner": "insul-weave"
  },
  "ratings": {
    "max_depth_m": 30,
    "max_pressure_atm": 4,
    "temp_range_C": [
      -2,
      30
    ]
  },
  "sensors": {
    "imu_hz": 200,
    "emg_channels": 8,
    "pressure_hz": 50,
    "temp_hz": 1
  },
  "actuation": {
    "fin_assist_Nm": [
      0,
      30
    ],
    "wrist_torque_pods": true
  },
  "life_support": {
    "o2_route": "closed",
    "co2_scrub": "soda-lime",
    "valves": "salt-proof"
  },
  "tools": {
    "coral_flame_welder": true,
    "arc_shield": "on",
    "thermal_shunt": "on"
  },
  "comms": {
    "ulf_ping": true,
    "optical_burst": true
  },
  "ledger": {
    "motion_hash": "keccak256",
    "session_enft": true
  },
  "safety": {
    "dump_ballast": true,
    "thermal_alarm_C": 0.5,
    "tether_auto_reel": true
  },
  "metrics_targets": {
    "loop_latency_ms": 20,
    "thermal_drift_C_per_hr": 0.4,
    "tau_min": 0.85
  }
}