{
  "zones": [
    {
      "id": "hover_snow",
      "features": [
        "artificial_snow",
        "ice"
      ],
      "field": "EM_mats",
      "safety": "CHE-T rails"
    },
    {
      "id": "tropical_terrain",
      "features": [
        "mud",
        "grass",
        "sand"
      ],
      "field": "hybrid",
      "safety": "adaptive"
    },
    {
      "id": "track",
      "features": [
        "NASCAR",
        "F1"
      ],
      "field": "hybrid",
      "safety": "pro"
    },
    {
      "id": "street",
      "features": [
        "ramps",
        "rails",
        "steps"
      ],
      "field": "EM+fans",
      "safety": "dynamic"
    },
    {
      "id": "laser_tag",
      "features": [
        "AR_no_contact"
      ],
      "field": "n/a",
      "safety": "zone_lock"
    },
    {
      "id": "stunt_stage",
      "features": [
        "music",
        "lights"
      ],
      "trigger": "SHIN"
    }
  ],
  "board": {
    "wheels": false,
    "field_shaping": true,
    "ai_adaptive": true,
    "battery": "hot_swappable"
  }
}