{
  "version": "1.0",
  "sections": [
    {
      "id": "treasury_assets",
      "fields": [
        "asset",
        "unit",
        "amount"
      ]
    },
    {
      "id": "enft_counts",
      "fields": [
        "total_enfts",
        "owners",
        "royalty_nodes"
      ]
    },
    {
      "id": "coins_supply",
      "fields": [
        "bleu_coins",
        "bleu_bills"
      ]
    },
    {
      "id": "reserves",
      "fields": [
        "gold_grams",
        "diamond_carats",
        "solar_watt_hours",
        "esoil_joules"
      ]
    }
  ]
}