{
  "treasury_assets": [
    {
      "asset": "Gold Reserve",
      "unit": "grams",
      "amount": 0
    },
    {
      "asset": "Diamonds Core",
      "unit": "carats",
      "amount": 0
    },
    {
      "asset": "Saharan Solar Arrays",
      "unit": "watt_hours",
      "amount": 0
    },
    {
      "asset": "E-SOIL: Great Lakes Mirror",
      "unit": "joules",
      "amount": 0
    }
  ],
  "enft_counts": {
    "total_enfts": 1,
    "owners": 1,
    "royalty_nodes": 2
  },
  "coins_supply": {
    "bleu_coins": 0,
    "bleu_bills": 0
  },
  "reserves": {
    "gold_grams": 0,
    "diamond_carats": 0,
    "solar_watt_hours": 0,
    "esoil_joules": 0
  }
}