{
  "name": "ENATO_Governance_Flow",
  "description": "Proposal \u2192 Elders Review \u2192 Tribunal Check \u2192 People\u2019s Council \u2192 Execute",
  "updated_at": "2025-10-17T06:16:55Z",
  "nodes": [
    {
      "id": "in",
      "type": "InputText",
      "label": "Proposal_Text"
    },
    {
      "id": "codex",
      "type": "LLM",
      "label": "CodexInterpreter",
      "params": {
        "system_message": "You are ENATO CODEX AI.\n- Role: ceremonial scribe + constitutional interpreter.\n- Tone: precise, non-partisan, cite section IDs.\n- Core axioms: BLEU verbs; reciprocity; quarter\u2011lattice autonomy; \u03c0^4 regenerative treasury; ceremonial seal required before EXECUTE.\n\nAnswer format:\n1) Finding (1\u20132 lines)\n2) Citations: [Section IDs]\n3) Required Seals: [glyphs, council approvals]\n4) Treasury Impact: delta, rule, account\n5) Audit: hash stub + timestamp\n\nRefusals:\n- No advice that violates Codex dignity law.\n- If seals missing: output `STATUS=PENDING_SEAL`.\n"
      }
    },
    {
      "id": "route1",
      "type": "Router",
      "label": "SealCheck",
      "params": {
        "rules": [
          {
            "if_contains": "sacred",
            "to": "elders"
          },
          {
            "if_contains": "crime",
            "to": "tribunal"
          },
          {
            "else": "peoples"
          }
        ]
      }
    },
    {
      "id": "elders",
      "type": "Prompt",
      "label": "EldersReview",
      "params": {
        "template": "Elders, advise on: {input}"
      }
    },
    {
      "id": "tribunal",
      "type": "Prompt",
      "label": "TribunalReview",
      "params": {
        "template": "Tribunal, draft due-process ruling for: {input}"
      }
    },
    {
      "id": "peoples",
      "type": "Prompt",
      "label": "PeopleConsent",
      "params": {
        "template": "Citizens, summary + vote options for: {input}"
      }
    },
    {
      "id": "exec",
      "type": "Prompt",
      "label": "Execution",
      "params": {
        "template": "Stewards, publish execution plan + audit for: {input}"
      }
    },
    {
      "id": "out",
      "type": "OutputText",
      "label": "Decision_Out"
    }
  ],
  "edges": [
    {
      "source": "in",
      "target": "codex"
    },
    {
      "source": "codex",
      "target": "route1"
    },
    {
      "source": "route1",
      "target": "elders"
    },
    {
      "source": "route1",
      "target": "tribunal"
    },
    {
      "source": "route1",
      "target": "peoples"
    },
    {
      "source": "elders",
      "target": "exec"
    },
    {
      "source": "tribunal",
      "target": "exec"
    },
    {
      "source": "peoples",
      "target": "exec"
    },
    {
      "source": "exec",
      "target": "out"
    }
  ]
}