{
  "tables": [
    {
      "name": "Proposals",
      "fields": [
        {
          "name": "title",
          "type": "text"
        },
        {
          "name": "body",
          "type": "richtext"
        },
        {
          "name": "status",
          "type": "text"
        },
        {
          "name": "required_glyphs",
          "type": "list_text"
        },
        {
          "name": "signatures",
          "type": "list_text"
        },
        {
          "name": "treasury_delta",
          "type": "number"
        }
      ]
    },
    {
      "name": "Seals",
      "fields": [
        {
          "name": "glyph_code",
          "type": "text"
        },
        {
          "name": "council",
          "type": "text"
        },
        {
          "name": "sig_hash",
          "type": "text"
        }
      ]
    },
    {
      "name": "Accounts",
      "fields": [
        {
          "name": "name",
          "type": "text"
        },
        {
          "name": "balance",
          "type": "number"
        },
        {
          "name": "ledger",
          "type": "list_text"
        }
      ]
    }
  ]
}