{
  "$schema": "https://json-schema.org/draft/2020-12/schema",
  "title": "EVOL ENFT Schema v1",
  "type": "object",
  "required": [
    "id",
    "name",
    "glyphs",
    "seal",
    "lesson_ref",
    "proof_hash",
    "r_param",
    "pi4_tier",
    "vault_route"
  ],
  "properties": {
    "version": {
      "type": "string",
      "const": "v1"
    },
    "id": {
      "type": "string",
      "pattern": "^[A-Z0-9\\-_:]+$"
    },
    "name": {
      "type": "string"
    },
    "description": {
      "type": "string"
    },
    "glyphs": {
      "type": "array",
      "items": {
        "type": "string"
      }
    },
    "seal": {
      "type": "object",
      "required": [
        "XX",
        "YY",
        "ZZ"
      ],
      "properties": {
        "XX": {
          "type": "string"
        },
        "YY": {
          "type": "string"
        },
        "ZZ": {
          "type": "string"
        },
        "threads": {
          "type": "array",
          "items": {
            "type": "string"
          }
        }
      }
    },
    "lesson_ref": {
      "type": "string"
    },
    "proof_hash": {
      "type": "string",
      "description": "SHA3-256 or Keccak-256 of canonical manifest"
    },
    "r_param": {
      "type": "number",
      "description": "R(x)=x+1/x with x\u22600"
    },
    "pi4_tier": {
      "type": "integer",
      "minimum": 0,
      "maximum": 4
    },
    "vault_route": {
      "type": "string",
      "description": "treasury route key"
    },
    "y_score": {
      "type": "number"
    },
    "session_hashes": {
      "type": "array",
      "items": {
        "type": "string"
      }
    },
    "service_hours": {
      "type": "number"
    },
    "pressure_depths": {
      "type": "array",
      "items": {
        "type": "number"
      }
    },
    "signatures": {
      "type": "array",
      "items": {
        "type": "string"
      }
    },
    "created_at": {
      "type": "string",
      "format": "date-time"
    }
  }
}