{
  "$schema": "https://json-schema.org/draft/2020-12/schema",
  "title": "EV0L ENFT Metadata",
  "type": "object",
  "properties": {
    "name": {
      "type": "string"
    },
    "description": {
      "type": "string"
    },
    "image": {
      "type": "string"
    },
    "attributes": {
      "type": "array",
      "items": {
        "type": "object"
      }
    },
    "chain": {
      "type": "string",
      "enum": [
        "Avalanche",
        "Polygon",
        "BLEUChain"
      ]
    },
    "scroll_id": {
      "type": "string"
    }
  },
  "required": [
    "name",
    "image",
    "chain"
  ]
}